{
  "2017": {
    "mean_ndsi": 0.5928154587745667,
    "ice_fraction": 0.7193552792424298
  },
  "2025": {
    "mean_ndsi": NaN,
    "ice_fraction": NaN
  },
  "ice_loss_pct": NaN
}