{
  "location": "Sundarbans (21.87N, 89.12E)",
  "2017": {
    "mean_ndvi": 0.5739721655845642,
    "mean_ndwi": 0.4412616193294525,
    "veg_fraction": 0.8676062374984692
  },
  "2026": {
    "mean_ndvi": NaN,
    "mean_ndwi": NaN,
    "veg_fraction": NaN
  },
  "veg_fraction_change": NaN
}