{
  "mean_ndvi": 0.8317158222198486,
  "min_ndvi": -0.190476194024086,
  "max_ndvi": 0.9358873963356018,
  "status": "Healthy Forest"
}