{
  "label": "Senegal (Great Green Wall)",
  "2017": {
    "ndvi": 0.1773710697889328,
    "ndwi": -0.11985181272029877
  },
  "2026": {
    "ndvi": 0.06050775572657585,
    "ndwi": -0.06246868148446083
  },
  "delta_ndvi": -65.88634448753193,
  "delta_ndwi": -47.87840077959806
}