{
  "ndwi_2020": 0.33055445551872253,
  "ndwi_2025": 0.31332188844680786,
  "ndwi_delta_pct": -5.213231086730957
}